<?xml version="1.0" encoding="UTF-8" ?>
<bookstore>
<book category="cooking">
<title lang="en"> Everyday Italian </title>
<author> Giada De Laurentiis </author>
<year>2005</year>
<price>30.00</price>
</book>

    <book category="fiction">
        <title lang="es">Cien años de soledad</title>
        <author>Gabriel García Márquez</author>
        <year>1967</year>
        <price>25.00</price>
    </book>
    <book category="history">
        <title lang="fr">Les Misérables</title>
        <author>Victor Hugo</author>
        <year>1862</year>
        <price>28.00</price>
    </book>
    <book category="science">
        <title lang="de">Die Entstehung der Arten</title>
        <author>Charles Darwin</author>
        <year>1859</year>
        <price>22.00</price>
    </book>
    <book category="cooking">
        <title lang="it">La Cucina Italiana</title>
        <author>Antonio Carluccio</author>
        <year>1997</year>
        <price>32.00</price>
    </book>
    <book category="self-help">
        <title lang="pt">O Poder do Hábito</title>
        <author>Charles Duhigg</author>
        <year>2012</year>
        <price>23.00</price>
    </book>
    <!-- Eder Anfang-->
    <book category="fantasy">
        <title lang="en">The Fellowship of the Ring</title>
        <author>J.R.R. Tolkien</author>
        <year>1954</year>
        <price>20.00</price>
    </book>
    <book category="fantasy">
        <title lang="en">The Two Towers</title>
        <author>J.R.R. Tolkien</author>
        <year>1954</year>
        <price>22.00</price>
    </book>
    <book category="fantasy">
        <title lang="en">The Return of the King</title>
        <author>J.R.R. Tolkien</author>
        <year>1955</year>
        <price>25.00</price>
    </book>
    <book category="science fiction">
        <title lang="en">Dune</title>
        <author>Frank Herbert</author>
        <year>1965</year>
        <price>18.00</price>
    </book>
    <book category="mystery">
        <title lang="en">Murder on the Orient Express</title>
        <author>Agatha Christie</author>
        <year>1934</year>
        <price>15.00</price>
    </book>
    <book category="romance">
        <title lang="en">Pride and Prejudice</title>
        <author>Jane Austen</author>
        <year>1813</year>
        <price>12.00</price>
    </book>
    <book category="horror">
        <title lang="en">Dracula</title>
        <author>Bram Stoker</author>
        <year>1897</year>
        <price>14.00</price>
    </book>
    <book category="history">
        <title lang="en">War and Peace</title>
        <author>Leo Tolstoy</author>
        <year>1869</year>
        <price>16.00</price>
    </book>
    <book category="science fiction">
        <title lang="en">Neuromancer</title>
        <author>William Gibson</author>
        <year>1984</year>
        <price>17.00</price>
    </book>
    <book category="fiction">
        <title lang="en">To Kill a Mockingbird</title>
        <author>Harper Lee</author>
        <year>1960</year>
        <price>19.00</price>
    </book>
    <!-- Eder Ende -->

    <book category="fiction">
        <title lang="en">Krabat</title>
        <author>Otfried Preußler</author>
        <year>1971</year>
        <price>26.00</price>
    </book>

    <book category="fiction">
        <title lang="en">The Rosie Effect</title>
        <author>Graeme Simsion</author>
        <year>2014</year>
        <price>12.00</price>
    </book>
<!-- Martin Anfang -->
    <book category="horror">
        <title lang="en">Five Nights at Freddys</title>
        <author>Scot Cauthon</author>
        <year>2012</year>
        <price>19.00</price>
    </book>

    <book category="horror"> 
        <title lang="en">The Haunting Shadows</title> 
        <author>Emily Blackwell</author> 
        <year>2015</year> 
        <price>22.50</price> 
    </book>

<book category="horror"> 
    <title lang="en">Crimson Nightmares</title> 
    <author>Victor Darkwood</author> 
    <year>2018</year> 
    <price>18.99</price> 
</book>

<book category="horror">
    <title lang="en">Whispers in the Dark</title> 
    <author>Alice Nightshade</author> 
    <year>2020</year> 
    <price>24.99</price> 
</book>

<book category="horror"> 
    <title lang="en">Eerie Enchantments</title> 
    <author>Graham Shadowfield</author> 
    <year>2013</year> 
    <price>16.75</price> 
</book>

<book category="horror"> 
    <title lang="en">The Midnight Maze</title> 
    <author>Laura Moonstone</author> 
    <year>2017</year> 
    <price>21.25</price> 
</book>

<book category="horror"> 
    <title lang="en">Sinister Whispers</title> 
    <author>Nathan Nightfall</author> 
    <year>2019</year> 
    <price>20.50</price> 
</book>

<book category="horror"> 
    <title lang="en">Phantom Fears</title> 
    <author>Samantha Shivers</author> 
    <year>2014</year> 
    <price>17.99</price> 
</book>

<book category="horror"> 
    <title lang="en">Dark Descent</title> 
    <author>James Ravenclaw</author> 
    <year>2016</year>
    <price>23.00</price> 
</book>

<book category="horror"> 
    <title lang="en">Spectral Secrets</title> 
    <author>Isabel Nightshade</author> 
    <year>2021</year>
    <price>25.50</price> 
</book>
<!-- Martin Ende -->

<!-- Bohaczyk Anfang -->
<book category="supernatural"> 
    <title lang="en">Mystic Whispers</title> 
    <author>Natalie Nightshade</author> 
    <year>2019</year> 
    <price>20.50</price> 
</book>

<book category="thriller"> 
    <title lang="en">Cryptic Secrets</title> 
    <author>Simon Thrillmore</author> 
    <year>2014</year> 
    <price>17.99</price> 
</book>

<book category="occult"> 
    <title lang="en">Enchanted Shadows</title> 
    <author>Morgan Magus</author> 
    <year>2020</year> 
    <price>22.99</price> 
</book>

<book category="psychological"> 
    <title lang="en">Mind Games</title> 
    <author>Isaac Illusionist</author> 
    <year>2017</year> 
    <price>19.95</price> 
</book>

<book category="fantasy"> 
    <title lang="en">Otherworldly Odyssey</title> 
    <author>Xena Enchantress</author> 
    <year>2015</year> 
    <price>18.50</price> 
</book>

<book category="mystery"> 
    <title lang="en">Whispers of Intrigue</title> 
    <author>Oliver Obscura</author> 
    <year>2021</year> 
    <price>21.75</price> 
</book>

<book category="paranormal"> 
    <title lang="en">Spectral Intrusion</title> 
    <author>Vivian Vortex</author> 
    <year>2018</year> 
    <price>24.99</price> 
</book>

<book category="dark-fantasy"> 
    <title lang="en">Eclipse of Shadows</title> 
    <author>Percival Phantom</author> 
    <year>2013</year> 
    <price>16.99</price> 
</book>

<book category="mind-bending"> 
    <title lang="en">Illusory Echoes</title> 
    <author>Luna Labyrinth</author> 
    <year>2010</year> 
    <price>15.25</price> 
</book>

<book category="suspense"> 
    <title lang="en">Tense Shadows</title> 
    <author>Fiona Fearful</author> 
    <year>2011</year> 
    <price>14.50</price> 
</book>

<!-- Bohaczyk Ende -->




    

</bookstore>

