{
    "books": [
        {
            "category": "cooking",
            "title": {
                "lang": "en",
                "text": " Everyday Italian "
            },
            "author": " Giada De Laurentiis ",
            "year": "2005",
            "price": "30.00"
        },
        {
            "category": "fiction",
            "title": {
                "lang": "es",
                "text": "Cien años de soledad"
            },
            "author": "Gabriel García Márquez",
            "year": "1967",
            "price": "25.00"
        },
        {
            "category": "history",
            "title": {
                "lang": "fr",
                "text": "Les Misérables"
            },
            "author": "Victor Hugo",
            "year": "1862",
            "price": "28.00"
        },
        {
            "category": "science",
            "title": {
                "lang": "de",
                "text": "Die Entstehung der Arten"
            },
            "author": "Charles Darwin",
            "year": "1859",
            "price": "22.00"
        },
        {
            "category": "cooking",
            "title": {
                "lang": "it",
                "text": "La Cucina Italiana"
            },
            "author": "Antonio Carluccio",
            "year": "1997",
            "price": "32.00"
        },
        {
            "category": "self-help",
            "title": {
                "lang": "pt",
                "text": "O Poder do Hábito"
            },
            "author": "Charles Duhigg",
            "year": "2012",
            "price": "23.00"
        },
        {
            "category": "fantasy",
            "title": {
                "lang": "en",
                "text": "The Fellowship of the Ring"
            },
            "author": "J.R.R. Tolkien",
            "year": "1954",
            "price": "20.00"
        },
        {
            "category": "fantasy",
            "title": {
                "lang": "en",
                "text": "The Two Towers"
            },
            "author": "J.R.R. Tolkien",
            "year": "1954",
            "price": "22.00"
        },
        {
            "category": "fantasy",
            "title": {
                "lang": "en",
                "text": "The Return of the King"
            },
            "author": "J.R.R. Tolkien",
            "year": "1955",
            "price": "25.00"
        },
        {
            "category": "science fiction",
            "title": {
                "lang": "en",
                "text": "Dune"
            },
            "author": "Frank Herbert",
            "year": "1965",
            "price": "18.00"
        },
        {
            "category": "mystery",
            "title": {
                "lang": "en",
                "text": "Murder on the Orient Express"
            },
            "author": "Agatha Christie",
            "year": "1934",
            "price": "15.00"
        },
        {
            "category": "romance",
            "title": {
                "lang": "en",
                "text": "Pride and Prejudice"
            },
            "author": "Jane Austen",
            "year": "1813",
            "price": "12.00"
        },
        {
            "category": "horror",
            "title": {
                "lang": "en",
                "text": "Dracula"
            },
            "author": "Bram Stoker",
            "year": "1897",
            "price": "14.00"
        },
        {
            "category": "history",
            "title": {
                "lang": "en",
                "text": "War and Peace"
            },
            "author": "Leo Tolstoy",
            "year": "1869",
            "price": "16.00"
        },
        {
            "category": "science fiction",
            "title": {
                "lang": "en",
                "text": "Neuromancer"
            },
            "author": "William Gibson",
            "year": "1984",
            "price": "17.00"
        },
        {
            "category": "fiction",
            "title": {
                "lang": "en",
                "text": "To Kill a Mockingbird"
            },
            "author": "Harper Lee",
            "year": "1960",
            "price": "19.00"
        },
        {
            "category": "fiction",
            "title": {
                "lang": "en",
                "text": "Krabat"
            },
            "author": "Otfried Preußler",
            "year": "1971",
            "price": "26.00"
        },
        {
            "category": "fiction",
            "title": {
                "lang": "en",
                "text": "The Rosie Effect"
            },
            "author": "Graeme Simsion",
            "year": "2014",
            "price": "12.00"
        },
        {
            "category": "horror",
            "title": {
                "lang": "en",
                "text": "Five Nights at Freddys"
            },
            "author": "Scot Cauthon",
            "year": "2012",
            "price": "19.00"
        },
        {
            "category": "horror",
            "title": {
                "lang": "en",
                "text": "The Haunting Shadows"
            },
            "author": "Emily Blackwell",
            "year": "2015",
            "price": "22.50"
        },
        {
            "category": "horror",
            "title": {
                "lang": "en",
                "text": "Crimson Nightmares"
            },
            "author": "Victor Darkwood",
            "year": "2018",
            "price": "18.99"
        },
        {
            "category": "horror",
            "title": {
                "lang": "en",
                "text": "Whispers in the Dark"
            },
            "author": "Alice Nightshade",
            "year": "2020",
            "price": "24.99"
        },
        {
            "category": "horror",
            "title": {
                "lang": "en",
                "text": "Eerie Enchantments"
            },
            "author": "Graham Shadowfield",
            "year": "2013",
            "price": "16.75"
        },
        {
            "category": "horror",
            "title": {
                "lang": "en",
                "text": "The Midnight Maze"
            },
            "author": "Laura Moonstone",
            "year": "2017",
            "price": "21.25"
        },
        {
            "category": "horror",
            "title": {
                "lang": "en",
                "text": "Sinister Whispers"
            },
            "author": "Nathan Nightfall",
            "year": "2019",
            "price": "20.50"
        },
        {
            "category": "horror",
            "title": {
                "lang": "en",
                "text": "Phantom Fears"
            },
            "author": "Samantha Shivers",
            "year": "2014",
            "price": "17.99"
        },
        {
            "category": "horror",
            "title": {
                "lang": "en",
                "text": "Dark Descent"
            },
            "author": "James Ravenclaw",
            "year": "2016",
            "price": "23.00"
        },
        {
            "category": "horror",
            "title": {
                "lang": "en",
                "text": "Spectral Secrets"
            },
            "author": "Isabel Nightshade",
            "year": "2021",
            "price": "25.50"
        },
        {
            "category": "supernatural",
            "title": {
                "lang": "en",
                "text": "Mystic Whispers"
            },
            "author": "Natalie Nightshade",
            "year": "2019",
            "price": "20.50"
        },
        {
            "category": "thriller",
            "title": {
                "lang": "en",
                "text": "Cryptic Secrets"
            },
            "author": "Simon Thrillmore",
            "year": "2014",
            "price": "17.99"
        },
        {
            "category": "occult",
            "title": {
                "lang": "en",
                "text": "Enchanted Shadows"
            },
            "author": "Morgan Magus",
            "year": "2020",
            "price": "22.99"
        },
        {
            "category": "psychological",
            "title": {
                "lang": "en",
                "text": "Mind Games"
            },
            "author": "Isaac Illusionist",
            "year": "2017",
            "price": "19.95"
        },
        {
            "category": "fantasy",
            "title": {
                "lang": "en",
                "text": "Otherworldly Odyssey"
            },
            "author": "Xena Enchantress",
            "year": "2015",
            "price": "18.50"
        },
        {
            "category": "mystery",
            "title": {
                "lang": "en",
                "text": "Whispers of Intrigue"
            },
            "author": "Oliver Obscura",
            "year": "2021",
            "price": "21.75"
        },
        {
            "category": "paranormal",
            "title": {
                "lang": "en",
                "text": "Spectral Intrusion"
            },
            "author": "Vivian Vortex",
            "year": "2018",
            "price": "24.99"
        },
        {
            "category": "dark-fantasy",
            "title": {
                "lang": "en",
                "text": "Eclipse of Shadows"
            },
            "author": "Percival Phantom",
            "year": "2013",
            "price": "16.99"
        },
        {
            "category": "mind-bending",
            "title": {
                "lang": "en",
                "text": "Illusory Echoes"
            },
            "author": "Luna Labyrinth",
            "year": "2010",
            "price": "15.25"
        },
        {
            "category": "suspense",
            "title": {
                "lang": "en",
                "text": "Tense Shadows"
            },
            "author": "Fiona Fearful",
            "year": "2011",
            "price": "14.50"
        }
    ]
}